Variable,VIF
wc2.1_30s_bio_12,18.74771412313038
wc2.1_30s_elev,1.6952499945680801
distance_to_water,2.1272021269413726
ndvi,20.40326303260551
